event_id,grid_pos,car_no,driver,team,qual_time,pit_lane_start,notes,date_range,circuit
2025_australian_gp,1,4,Lando Norris,McLaren,1:15.096,False,,14 - 16 Mar 2025,"Albert Park Grand Prix Circuit, Melbourne"
2025_australian_gp,2,81,Oscar Piastri,McLaren,1:15.180,False,,14 - 16 Mar 2025,"Albert Park Grand Prix Circuit, Melbourne"
2025_australian_gp,3,1,Max Verstappen,Red Bull Racing,1:15.481,False,,14 - 16 Mar 2025,"Albert Park Grand Prix Circuit, Melbourne"
2025_australian_gp,4,63,George Russell,Mercedes,1:15.546,False,,14 - 16 Mar 2025,"Albert Park Grand Prix Circuit, Melbourne"
2025_australian_gp,5,22,Yuki Tsunoda,Racing Bulls,1:15.670,False,,14 - 16 Mar 2025,"Albert Park Grand Prix Circuit, Melbourne"
2025_australian_gp,6,23,Alexander Albon,Williams,1:15.737,False,,14 - 16 Mar 2025,"Albert Park Grand Prix Circuit, Melbourne"
2025_australian_gp,7,16,Charles Leclerc,Ferrari,1:15.755,False,,14 - 16 Mar 2025,"Albert Park Grand Prix Circuit, Melbourne"
2025_australian_gp,8,44,Lewis Hamilton,Ferrari,1:15.973,False,,14 - 16 Mar 2025,"Albert Park Grand Prix Circuit, Melbourne"
2025_australian_gp,9,10,Pierre Gasly,Alpine,1:15.980,False,,14 - 16 Mar 2025,"Albert Park Grand Prix Circuit, Melbourne"
2025_australian_gp,10,55,Carlos Sainz,Williams,1:16.062,False,,14 - 16 Mar 2025,"Albert Park Grand Prix Circuit, Melbourne"
2025_australian_gp,11,6,Isack Hadjar,Racing Bulls,1:16.175,False,,14 - 16 Mar 2025,"Albert Park Grand Prix Circuit, Melbourne"
2025_australian_gp,12,14,Fernando Alonso,Aston Martin,1:16.453,False,,14 - 16 Mar 2025,"Albert Park Grand Prix Circuit, Melbourne"
2025_australian_gp,13,18,Lance Stroll,Aston Martin,1:16.483,False,,14 - 16 Mar 2025,"Albert Park Grand Prix Circuit, Melbourne"
2025_australian_gp,14,7,Jack Doohan,Alpine,1:16.863,False,,14 - 16 Mar 2025,"Albert Park Grand Prix Circuit, Melbourne"
2025_australian_gp,15,5,Gabriel Bortoleto,Kick Sauber,1:17.520,False,,14 - 16 Mar 2025,"Albert Park Grand Prix Circuit, Melbourne"
2025_australian_gp,16,12,Kimi Antonelli,Mercedes,1:16.525,False,,14 - 16 Mar 2025,"Albert Park Grand Prix Circuit, Melbourne"
2025_australian_gp,17,27,Nico Hulkenberg,Kick Sauber,1:16.579,False,,14 - 16 Mar 2025,"Albert Park Grand Prix Circuit, Melbourne"
2025_australian_gp,18,30,Liam Lawson,Red Bull Racing,1:17.094,False,,14 - 16 Mar 2025,"Albert Park Grand Prix Circuit, Melbourne"
2025_australian_gp,19,31,Esteban Ocon,Haas,1:17.147,False,,14 - 16 Mar 2025,"Albert Park Grand Prix Circuit, Melbourne"
2025_australian_gp,20,87,Oliver Bearman,Haas,,False,,14 - 16 Mar 2025,"Albert Park Grand Prix Circuit, Melbourne"
2025_chinese_gp,1,81,Oscar Piastri,McLaren,1:30.641,False,,21 - 23 Mar 2025,"Shanghai International Circuit, Shanghai"
2025_chinese_gp,2,63,George Russell,Mercedes,1:30.723,False,,21 - 23 Mar 2025,"Shanghai International Circuit, Shanghai"
2025_chinese_gp,3,4,Lando Norris,McLaren,1:30.793,False,,21 - 23 Mar 2025,"Shanghai International Circuit, Shanghai"
2025_chinese_gp,4,1,Max Verstappen,Red Bull Racing,1:30.817,False,,21 - 23 Mar 2025,"Shanghai International Circuit, Shanghai"
2025_chinese_gp,5,44,Lewis Hamilton,Ferrari,1:30.927,False,,21 - 23 Mar 2025,"Shanghai International Circuit, Shanghai"
2025_chinese_gp,6,16,Charles Leclerc,Ferrari,1:31.021,False,,21 - 23 Mar 2025,"Shanghai International Circuit, Shanghai"
2025_chinese_gp,7,6,Isack Hadjar,Racing Bulls,1:31.079,False,,21 - 23 Mar 2025,"Shanghai International Circuit, Shanghai"
2025_chinese_gp,8,12,Kimi Antonelli,Mercedes,1:31.103,False,,21 - 23 Mar 2025,"Shanghai International Circuit, Shanghai"
2025_chinese_gp,9,22,Yuki Tsunoda,Racing Bulls,1:31.638,False,,21 - 23 Mar 2025,"Shanghai International Circuit, Shanghai"
2025_chinese_gp,10,23,Alexander Albon,Williams,1:31.706,False,,21 - 23 Mar 2025,"Shanghai International Circuit, Shanghai"
2025_chinese_gp,11,31,Esteban Ocon,Haas,1:31.625,False,,21 - 23 Mar 2025,"Shanghai International Circuit, Shanghai"
2025_chinese_gp,12,27,Nico Hulkenberg,Kick Sauber,1:31.632,False,,21 - 23 Mar 2025,"Shanghai International Circuit, Shanghai"
2025_chinese_gp,13,14,Fernando Alonso,Aston Martin,1:31.688,False,,21 - 23 Mar 2025,"Shanghai International Circuit, Shanghai"
2025_chinese_gp,14,18,Lance Stroll,Aston Martin,1:31.773,False,,21 - 23 Mar 2025,"Shanghai International Circuit, Shanghai"
2025_chinese_gp,15,55,Carlos Sainz,Williams,1:31.840,False,,21 - 23 Mar 2025,"Shanghai International Circuit, Shanghai"
2025_chinese_gp,16,10,Pierre Gasly,Alpine,1:31.992,False,,21 - 23 Mar 2025,"Shanghai International Circuit, Shanghai"
2025_chinese_gp,17,87,Oliver Bearman,Haas,1:32.018,False,,21 - 23 Mar 2025,"Shanghai International Circuit, Shanghai"
2025_chinese_gp,18,7,Jack Doohan,Alpine,1:32.092,False,,21 - 23 Mar 2025,"Shanghai International Circuit, Shanghai"
2025_chinese_gp,19,5,Gabriel Bortoleto,Kick Sauber,1:32.141,False,,21 - 23 Mar 2025,"Shanghai International Circuit, Shanghai"
2025_chinese_gp,20,30,Liam Lawson,Red Bull Racing,1:32.174,False,,21 - 23 Mar 2025,"Shanghai International Circuit, Shanghai"
2025_japanese_gp,1,1,Max Verstappen,Red Bull Racing,1:26.983,False,,04 - 06 Apr 2025,"Suzuka Circuit, Suzuka"
2025_japanese_gp,2,4,Lando Norris,McLaren,1:26.995,False,,04 - 06 Apr 2025,"Suzuka Circuit, Suzuka"
2025_japanese_gp,3,81,Oscar Piastri,McLaren,1:27.027,False,,04 - 06 Apr 2025,"Suzuka Circuit, Suzuka"
2025_japanese_gp,4,16,Charles Leclerc,Ferrari,1:27.299,False,,04 - 06 Apr 2025,"Suzuka Circuit, Suzuka"
2025_japanese_gp,5,63,George Russell,Mercedes,1:27.318,False,,04 - 06 Apr 2025,"Suzuka Circuit, Suzuka"
2025_japanese_gp,6,12,Kimi Antonelli,Mercedes,1:27.555,False,,04 - 06 Apr 2025,"Suzuka Circuit, Suzuka"
2025_japanese_gp,7,6,Isack Hadjar,Racing Bulls,1:27.569,False,,04 - 06 Apr 2025,"Suzuka Circuit, Suzuka"
2025_japanese_gp,8,44,Lewis Hamilton,Ferrari,1:27.610,False,,04 - 06 Apr 2025,"Suzuka Circuit, Suzuka"
2025_japanese_gp,9,23,Alexander Albon,Williams,1:27.615,False,,04 - 06 Apr 2025,"Suzuka Circuit, Suzuka"
2025_japanese_gp,10,87,Oliver Bearman,Haas,1:27.867,False,,04 - 06 Apr 2025,"Suzuka Circuit, Suzuka"
2025_japanese_gp,11,10,Pierre Gasly,Alpine,1:27.822,False,,04 - 06 Apr 2025,"Suzuka Circuit, Suzuka"
2025_japanese_gp,12,14,Fernando Alonso,Aston Martin,1:27.897,False,,04 - 06 Apr 2025,"Suzuka Circuit, Suzuka"
2025_japanese_gp,13,30,Liam Lawson,Racing Bulls,1:27.906,False,,04 - 06 Apr 2025,"Suzuka Circuit, Suzuka"
2025_japanese_gp,14,22,Yuki Tsunoda,Red Bull Racing,1:28,False,,04 - 06 Apr 2025,"Suzuka Circuit, Suzuka"
2025_japanese_gp,15,55,Carlos Sainz,Williams,1:27.836,False,,04 - 06 Apr 2025,"Suzuka Circuit, Suzuka"
2025_japanese_gp,16,27,Nico Hulkenberg,Kick Sauber,1:28.570,False,,04 - 06 Apr 2025,"Suzuka Circuit, Suzuka"
2025_japanese_gp,17,5,Gabriel Bortoleto,Kick Sauber,1:28.622,False,,04 - 06 Apr 2025,"Suzuka Circuit, Suzuka"
2025_japanese_gp,18,31,Esteban Ocon,Haas,1:28.696,False,,04 - 06 Apr 2025,"Suzuka Circuit, Suzuka"
2025_japanese_gp,19,7,Jack Doohan,Alpine,1:28.877,False,,04 - 06 Apr 2025,"Suzuka Circuit, Suzuka"
2025_japanese_gp,20,18,Lance Stroll,Aston Martin,1:29.271,False,,04 - 06 Apr 2025,"Suzuka Circuit, Suzuka"
2025_bahrain_gp,1,81,Oscar Piastri,McLaren,1:29.841,False,,11 - 13 Apr 2025,"Bahrain International Circuit, Sakhir"
2025_bahrain_gp,2,16,Charles Leclerc,Ferrari,1:30.175,False,,11 - 13 Apr 2025,"Bahrain International Circuit, Sakhir"
2025_bahrain_gp,3,63,George Russell,Mercedes,1:30.009,False,,11 - 13 Apr 2025,"Bahrain International Circuit, Sakhir"
2025_bahrain_gp,4,10,Pierre Gasly,Alpine,1:30.216,False,,11 - 13 Apr 2025,"Bahrain International Circuit, Sakhir"
2025_bahrain_gp,5,12,Kimi Antonelli,Mercedes,1:30.213,False,,11 - 13 Apr 2025,"Bahrain International Circuit, Sakhir"
2025_bahrain_gp,6,4,Lando Norris,McLaren,1:30.267,False,,11 - 13 Apr 2025,"Bahrain International Circuit, Sakhir"
2025_bahrain_gp,7,1,Max Verstappen,Red Bull Racing,1:30.423,False,,11 - 13 Apr 2025,"Bahrain International Circuit, Sakhir"
2025_bahrain_gp,8,55,Carlos Sainz,Williams,1:30.680,False,,11 - 13 Apr 2025,"Bahrain International Circuit, Sakhir"
2025_bahrain_gp,9,44,Lewis Hamilton,Ferrari,1:30.772,False,,11 - 13 Apr 2025,"Bahrain International Circuit, Sakhir"
2025_bahrain_gp,10,22,Yuki Tsunoda,Red Bull Racing,1:31.303,False,,11 - 13 Apr 2025,"Bahrain International Circuit, Sakhir"
2025_bahrain_gp,11,7,Jack Doohan,Alpine,1:31.245,False,,11 - 13 Apr 2025,"Bahrain International Circuit, Sakhir"
2025_bahrain_gp,12,6,Isack Hadjar,Racing Bulls,1:31.271,False,,11 - 13 Apr 2025,"Bahrain International Circuit, Sakhir"
2025_bahrain_gp,13,14,Fernando Alonso,Aston Martin,1:31.886,False,,11 - 13 Apr 2025,"Bahrain International Circuit, Sakhir"
2025_bahrain_gp,14,31,Esteban Ocon,Haas,,False,,11 - 13 Apr 2025,"Bahrain International Circuit, Sakhir"
2025_bahrain_gp,15,23,Alexander Albon,Williams,,False,,11 - 13 Apr 2025,"Bahrain International Circuit, Sakhir"
2025_bahrain_gp,16,27,Nico Hulkenberg,Kick Sauber,1:32.067,False,,11 - 13 Apr 2025,"Bahrain International Circuit, Sakhir"
2025_bahrain_gp,17,30,Liam Lawson,Racing Bulls,1:32.165,False,,11 - 13 Apr 2025,"Bahrain International Circuit, Sakhir"
2025_bahrain_gp,18,5,Gabriel Bortoleto,Kick Sauber,1:32.186,False,,11 - 13 Apr 2025,"Bahrain International Circuit, Sakhir"
2025_bahrain_gp,19,18,Lance Stroll,Aston Martin,1:32.283,False,,11 - 13 Apr 2025,"Bahrain International Circuit, Sakhir"
2025_bahrain_gp,20,87,Oliver Bearman,Haas,1:32.373,False,,11 - 13 Apr 2025,"Bahrain International Circuit, Sakhir"
2025_saudi_arabian_gp,1,1,Max Verstappen,Red Bull Racing,1:27.294,False,,18 - 20 Apr 2025,"Jeddah Corniche Circuit, Jeddah"
2025_saudi_arabian_gp,2,81,Oscar Piastri,McLaren,1:27.304,False,,18 - 20 Apr 2025,"Jeddah Corniche Circuit, Jeddah"
2025_saudi_arabian_gp,3,63,George Russell,Mercedes,1:27.407,False,,18 - 20 Apr 2025,"Jeddah Corniche Circuit, Jeddah"
2025_saudi_arabian_gp,4,16,Charles Leclerc,Ferrari,1:27.670,False,,18 - 20 Apr 2025,"Jeddah Corniche Circuit, Jeddah"
2025_saudi_arabian_gp,5,12,Kimi Antonelli,Mercedes,1:27.866,False,,18 - 20 Apr 2025,"Jeddah Corniche Circuit, Jeddah"
2025_saudi_arabian_gp,6,55,Carlos Sainz,Williams,1:28.164,False,,18 - 20 Apr 2025,"Jeddah Corniche Circuit, Jeddah"
2025_saudi_arabian_gp,7,44,Lewis Hamilton,Ferrari,1:28.201,False,,18 - 20 Apr 2025,"Jeddah Corniche Circuit, Jeddah"
2025_saudi_arabian_gp,8,22,Yuki Tsunoda,Red Bull Racing,1:28.204,False,,18 - 20 Apr 2025,"Jeddah Corniche Circuit, Jeddah"
2025_saudi_arabian_gp,9,10,Pierre Gasly,Alpine,1:28.367,False,,18 - 20 Apr 2025,"Jeddah Corniche Circuit, Jeddah"
2025_saudi_arabian_gp,10,4,Lando Norris,McLaren,,False,,18 - 20 Apr 2025,"Jeddah Corniche Circuit, Jeddah"
2025_saudi_arabian_gp,11,23,Alexander Albon,Williams,1:28.109,False,,18 - 20 Apr 2025,"Jeddah Corniche Circuit, Jeddah"
2025_saudi_arabian_gp,12,30,Liam Lawson,Racing Bulls,1:28.191,False,,18 - 20 Apr 2025,"Jeddah Corniche Circuit, Jeddah"
2025_saudi_arabian_gp,13,14,Fernando Alonso,Aston Martin,1:28.303,False,,18 - 20 Apr 2025,"Jeddah Corniche Circuit, Jeddah"
2025_saudi_arabian_gp,14,6,Isack Hadjar,Racing Bulls,1:28.418,False,,18 - 20 Apr 2025,"Jeddah Corniche Circuit, Jeddah"
2025_saudi_arabian_gp,15,87,Oliver Bearman,Haas,1:28.648,False,,18 - 20 Apr 2025,"Jeddah Corniche Circuit, Jeddah"
2025_saudi_arabian_gp,16,18,Lance Stroll,Aston Martin,1:28.645,False,,18 - 20 Apr 2025,"Jeddah Corniche Circuit, Jeddah"
2025_saudi_arabian_gp,17,7,Jack Doohan,Alpine,1:28.739,False,,18 - 20 Apr 2025,"Jeddah Corniche Circuit, Jeddah"
2025_saudi_arabian_gp,18,27,Nico Hulkenberg,Kick Sauber,1:28.782,False,,18 - 20 Apr 2025,"Jeddah Corniche Circuit, Jeddah"
2025_saudi_arabian_gp,19,31,Esteban Ocon,Haas,1:29.092,False,,18 - 20 Apr 2025,"Jeddah Corniche Circuit, Jeddah"
2025_saudi_arabian_gp,20,5,Gabriel Bortoleto,Kick Sauber,1:29.462,False,,18 - 20 Apr 2025,"Jeddah Corniche Circuit, Jeddah"
2025_miami_gp,1,1,Max Verstappen,Red Bull Racing,1:26.204,False,,02 - 04 May 2025,"Miami International Autodrome, Miami"
2025_miami_gp,2,4,Lando Norris,McLaren,1:26.269,False,,02 - 04 May 2025,"Miami International Autodrome, Miami"
2025_miami_gp,3,12,Kimi Antonelli,Mercedes,1:26.271,False,,02 - 04 May 2025,"Miami International Autodrome, Miami"
2025_miami_gp,4,81,Oscar Piastri,McLaren,1:26.375,False,,02 - 04 May 2025,"Miami International Autodrome, Miami"
2025_miami_gp,5,63,George Russell,Mercedes,1:26.385,False,,02 - 04 May 2025,"Miami International Autodrome, Miami"
2025_miami_gp,6,55,Carlos Sainz,Williams,1:26.569,False,,02 - 04 May 2025,"Miami International Autodrome, Miami"
2025_miami_gp,7,23,Alexander Albon,Williams,1:26.682,False,,02 - 04 May 2025,"Miami International Autodrome, Miami"
2025_miami_gp,8,16,Charles Leclerc,Ferrari,1:26.754,False,,02 - 04 May 2025,"Miami International Autodrome, Miami"
2025_miami_gp,9,31,Esteban Ocon,Haas,1:26.824,False,,02 - 04 May 2025,"Miami International Autodrome, Miami"
2025_miami_gp,10,22,Yuki Tsunoda,Red Bull Racing,1:26.943,False,,02 - 04 May 2025,"Miami International Autodrome, Miami"
2025_miami_gp,11,6,Isack Hadjar,Racing Bulls,1:26.987,False,,02 - 04 May 2025,"Miami International Autodrome, Miami"
2025_miami_gp,12,44,Lewis Hamilton,Ferrari,1:27.006,False,,02 - 04 May 2025,"Miami International Autodrome, Miami"
2025_miami_gp,13,5,Gabriel Bortoleto,Kick Sauber,1:27.151,False,,02 - 04 May 2025,"Miami International Autodrome, Miami"
2025_miami_gp,14,7,Jack Doohan,Alpine,1:27.186,False,,02 - 04 May 2025,"Miami International Autodrome, Miami"
2025_miami_gp,15,30,Liam Lawson,Racing Bulls,1:27.363,False,,02 - 04 May 2025,"Miami International Autodrome, Miami"
2025_miami_gp,16,27,Nico Hulkenberg,Kick Sauber,1:27.473,False,,02 - 04 May 2025,"Miami International Autodrome, Miami"
2025_miami_gp,17,14,Fernando Alonso,Aston Martin,1:27.604,False,,02 - 04 May 2025,"Miami International Autodrome, Miami"
2025_miami_gp,18,18,Lance Stroll,Aston Martin,1:27.830,False,,02 - 04 May 2025,"Miami International Autodrome, Miami"
2025_miami_gp,19,87,Oliver Bearman,Haas,1:27.999,False,,02 - 04 May 2025,"Miami International Autodrome, Miami"
2025_miami_gp,20,10,Pierre Gasly,Alpine,1:27.710,False,,02 - 04 May 2025,"Miami International Autodrome, Miami"
2025_emilia_romagna_gp,1,81,Oscar Piastri,McLaren,1:14.670,False,,16 - 18 May 2025,"Autodromo Internazionale Enzo e Dino Ferrari, Imola"
2025_emilia_romagna_gp,2,1,Max Verstappen,Red Bull Racing,1:14.704,False,,16 - 18 May 2025,"Autodromo Internazionale Enzo e Dino Ferrari, Imola"
2025_emilia_romagna_gp,3,63,George Russell,Mercedes,1:14.807,False,,16 - 18 May 2025,"Autodromo Internazionale Enzo e Dino Ferrari, Imola"
2025_emilia_romagna_gp,4,4,Lando Norris,McLaren,1:14.962,False,,16 - 18 May 2025,"Autodromo Internazionale Enzo e Dino Ferrari, Imola"
2025_emilia_romagna_gp,5,14,Fernando Alonso,Aston Martin,1:15.431,False,,16 - 18 May 2025,"Autodromo Internazionale Enzo e Dino Ferrari, Imola"
2025_emilia_romagna_gp,6,55,Carlos Sainz,Williams,1:15.432,False,,16 - 18 May 2025,"Autodromo Internazionale Enzo e Dino Ferrari, Imola"
2025_emilia_romagna_gp,7,23,Alexander Albon,Williams,1:15.473,False,,16 - 18 May 2025,"Autodromo Internazionale Enzo e Dino Ferrari, Imola"
2025_emilia_romagna_gp,8,18,Lance Stroll,Aston Martin,1:15.581,False,,16 - 18 May 2025,"Autodromo Internazionale Enzo e Dino Ferrari, Imola"
2025_emilia_romagna_gp,9,6,Isack Hadjar,Racing Bulls,1:15.746,False,,16 - 18 May 2025,"Autodromo Internazionale Enzo e Dino Ferrari, Imola"
2025_emilia_romagna_gp,10,10,Pierre Gasly,Alpine,1:15.787,False,,16 - 18 May 2025,"Autodromo Internazionale Enzo e Dino Ferrari, Imola"
2025_emilia_romagna_gp,11,16,Charles Leclerc,Ferrari,1:15.604,False,,16 - 18 May 2025,"Autodromo Internazionale Enzo e Dino Ferrari, Imola"
2025_emilia_romagna_gp,12,44,Lewis Hamilton,Ferrari,1:15.765,False,,16 - 18 May 2025,"Autodromo Internazionale Enzo e Dino Ferrari, Imola"
2025_emilia_romagna_gp,13,12,Kimi Antonelli,Mercedes,1:15.772,False,,16 - 18 May 2025,"Autodromo Internazionale Enzo e Dino Ferrari, Imola"
2025_emilia_romagna_gp,14,5,Gabriel Bortoleto,Kick Sauber,1:16.260,False,,16 - 18 May 2025,"Autodromo Internazionale Enzo e Dino Ferrari, Imola"
2025_emilia_romagna_gp,15,30,Liam Lawson,Racing Bulls,1:16.379,False,,16 - 18 May 2025,"Autodromo Internazionale Enzo e Dino Ferrari, Imola"
2025_emilia_romagna_gp,16,43,Franco Colapinto,Alpine,,False,,16 - 18 May 2025,"Autodromo Internazionale Enzo e Dino Ferrari, Imola"
2025_emilia_romagna_gp,17,27,Nico Hulkenberg,Kick Sauber,1:16.518,False,,16 - 18 May 2025,"Autodromo Internazionale Enzo e Dino Ferrari, Imola"
2025_emilia_romagna_gp,18,31,Esteban Ocon,Haas,1:16.613,False,,16 - 18 May 2025,"Autodromo Internazionale Enzo e Dino Ferrari, Imola"
2025_emilia_romagna_gp,19,87,Oliver Bearman,Haas,1:16.918,False,,16 - 18 May 2025,"Autodromo Internazionale Enzo e Dino Ferrari, Imola"
2025_emilia_romagna_gp,20,22,Yuki Tsunoda,Red Bull Racing,,False,,16 - 18 May 2025,"Autodromo Internazionale Enzo e Dino Ferrari, Imola"
2025_monaco_gp,1,4,Lando Norris,McLaren,1:09.954,False,,23 - 25 May 2025,"Circuit de Monaco, Monaco"
2025_monaco_gp,2,16,Charles Leclerc,Ferrari,1:10.063,False,,23 - 25 May 2025,"Circuit de Monaco, Monaco"
2025_monaco_gp,3,81,Oscar Piastri,McLaren,1:10.129,False,,23 - 25 May 2025,"Circuit de Monaco, Monaco"
2025_monaco_gp,4,1,Max Verstappen,Red Bull Racing,1:10.669,False,,23 - 25 May 2025,"Circuit de Monaco, Monaco"
2025_monaco_gp,5,6,Isack Hadjar,Racing Bulls,1:10.923,False,,23 - 25 May 2025,"Circuit de Monaco, Monaco"
2025_monaco_gp,6,14,Fernando Alonso,Aston Martin,1:10.924,False,,23 - 25 May 2025,"Circuit de Monaco, Monaco"
2025_monaco_gp,7,44,Lewis Hamilton,Ferrari,1:10.382,False,,23 - 25 May 2025,"Circuit de Monaco, Monaco"
2025_monaco_gp,8,31,Esteban Ocon,Haas,1:10.942,False,,23 - 25 May 2025,"Circuit de Monaco, Monaco"
2025_monaco_gp,9,30,Liam Lawson,Racing Bulls,1:11.129,False,,23 - 25 May 2025,"Circuit de Monaco, Monaco"
2025_monaco_gp,10,23,Alexander Albon,Williams,1:11.213,False,,23 - 25 May 2025,"Circuit de Monaco, Monaco"
2025_monaco_gp,11,55,Carlos Sainz,Williams,1:11.362,False,,23 - 25 May 2025,"Circuit de Monaco, Monaco"
2025_monaco_gp,12,22,Yuki Tsunoda,Red Bull Racing,1:11.415,False,,23 - 25 May 2025,"Circuit de Monaco, Monaco"
2025_monaco_gp,13,27,Nico Hulkenberg,Kick Sauber,1:11.596,False,,23 - 25 May 2025,"Circuit de Monaco, Monaco"
2025_monaco_gp,14,63,George Russell,Mercedes,,False,,23 - 25 May 2025,"Circuit de Monaco, Monaco"
2025_monaco_gp,15,12,Kimi Antonelli,Mercedes,,False,,23 - 25 May 2025,"Circuit de Monaco, Monaco"
2025_monaco_gp,16,5,Gabriel Bortoleto,Kick Sauber,1:11.902,False,,23 - 25 May 2025,"Circuit de Monaco, Monaco"
2025_monaco_gp,17,10,Pierre Gasly,Alpine,1:11.994,False,,23 - 25 May 2025,"Circuit de Monaco, Monaco"
2025_monaco_gp,18,43,Franco Colapinto,Alpine,1:12.597,False,,23 - 25 May 2025,"Circuit de Monaco, Monaco"
2025_monaco_gp,19,18,Lance Stroll,Aston Martin,1:12.563,False,,23 - 25 May 2025,"Circuit de Monaco, Monaco"
2025_monaco_gp,20,87,Oliver Bearman,Haas,1:11.979,False,,23 - 25 May 2025,"Circuit de Monaco, Monaco"
2025_spanish_gp,1,81,Oscar Piastri,McLaren,1:11.546,False,,30 May - 01 Jun 2025,"Circuit de Barcelona -Catalunya, Barcelona"
2025_spanish_gp,2,4,Lando Norris,McLaren,1:11.755,False,,30 May - 01 Jun 2025,"Circuit de Barcelona -Catalunya, Barcelona"
2025_spanish_gp,3,1,Max Verstappen,Red Bull Racing,1:11.848,False,,30 May - 01 Jun 2025,"Circuit de Barcelona -Catalunya, Barcelona"
2025_spanish_gp,4,63,George Russell,Mercedes,1:11.848,False,,30 May - 01 Jun 2025,"Circuit de Barcelona -Catalunya, Barcelona"
2025_spanish_gp,5,44,Lewis Hamilton,Ferrari,1:12.045,False,,30 May - 01 Jun 2025,"Circuit de Barcelona -Catalunya, Barcelona"
2025_spanish_gp,6,12,Kimi Antonelli,Mercedes,1:12.111,False,,30 May - 01 Jun 2025,"Circuit de Barcelona -Catalunya, Barcelona"
2025_spanish_gp,7,16,Charles Leclerc,Ferrari,1:12.131,False,,30 May - 01 Jun 2025,"Circuit de Barcelona -Catalunya, Barcelona"
2025_spanish_gp,8,10,Pierre Gasly,Alpine,1:12.199,False,,30 May - 01 Jun 2025,"Circuit de Barcelona -Catalunya, Barcelona"
2025_spanish_gp,9,6,Isack Hadjar,Racing Bulls,1:12.252,False,,30 May - 01 Jun 2025,"Circuit de Barcelona -Catalunya, Barcelona"
2025_spanish_gp,10,14,Fernando Alonso,Aston Martin,1:12.284,False,,30 May - 01 Jun 2025,"Circuit de Barcelona -Catalunya, Barcelona"
2025_spanish_gp,11,23,Alexander Albon,Williams,1:12.641,False,,30 May - 01 Jun 2025,"Circuit de Barcelona -Catalunya, Barcelona"
2025_spanish_gp,12,5,Gabriel Bortoleto,Kick Sauber,1:12.756,False,,30 May - 01 Jun 2025,"Circuit de Barcelona -Catalunya, Barcelona"
2025_spanish_gp,13,30,Liam Lawson,Racing Bulls,1:12.763,False,,30 May - 01 Jun 2025,"Circuit de Barcelona -Catalunya, Barcelona"
2025_spanish_gp,14,18,Lance Stroll,Aston Martin,1:13.058,False,,30 May - 01 Jun 2025,"Circuit de Barcelona -Catalunya, Barcelona"
2025_spanish_gp,14,87,Oliver Bearman,Haas,1:13.315,False,,30 May - 01 Jun 2025,"Circuit de Barcelona -Catalunya, Barcelona"
2025_spanish_gp,15,27,Nico Hulkenberg,Kick Sauber,1:13.190,False,,30 May - 01 Jun 2025,"Circuit de Barcelona -Catalunya, Barcelona"
2025_spanish_gp,16,31,Esteban Ocon,Haas,1:13.201,False,,30 May - 01 Jun 2025,"Circuit de Barcelona -Catalunya, Barcelona"
2025_spanish_gp,17,55,Carlos Sainz,Williams,1:13.203,False,,30 May - 01 Jun 2025,"Circuit de Barcelona -Catalunya, Barcelona"
2025_spanish_gp,18,43,Franco Colapinto,Alpine,1:13.334,False,,30 May - 01 Jun 2025,"Circuit de Barcelona -Catalunya, Barcelona"
2025_spanish_gp,19,22,Yuki Tsunoda,Red Bull Racing,1:13.385,False,,30 May - 01 Jun 2025,"Circuit de Barcelona -Catalunya, Barcelona"
2025_canadian_gp,1,63,George Russell,Mercedes,1:10.899,False,,13 - 15 Jun 2025,"Circuit Gilles -Villeneuve, Montréal"
2025_canadian_gp,2,1,Max Verstappen,Red Bull Racing,1:11.059,False,,13 - 15 Jun 2025,"Circuit Gilles -Villeneuve, Montréal"
2025_canadian_gp,3,81,Oscar Piastri,McLaren,1:11.120,False,,13 - 15 Jun 2025,"Circuit Gilles -Villeneuve, Montréal"
2025_canadian_gp,4,12,Kimi Antonelli,Mercedes,1:11.391,False,,13 - 15 Jun 2025,"Circuit Gilles -Villeneuve, Montréal"
2025_canadian_gp,5,44,Lewis Hamilton,Ferrari,1:11.526,False,,13 - 15 Jun 2025,"Circuit Gilles -Villeneuve, Montréal"
2025_canadian_gp,6,14,Fernando Alonso,Aston Martin,1:11.586,False,,13 - 15 Jun 2025,"Circuit Gilles -Villeneuve, Montréal"
2025_canadian_gp,7,4,Lando Norris,McLaren,1:11.625,False,,13 - 15 Jun 2025,"Circuit Gilles -Villeneuve, Montréal"
2025_canadian_gp,8,16,Charles Leclerc,Ferrari,1:11.682,False,,13 - 15 Jun 2025,"Circuit Gilles -Villeneuve, Montréal"
2025_canadian_gp,9,23,Alexander Albon,Williams,1:11.907,False,,13 - 15 Jun 2025,"Circuit Gilles -Villeneuve, Montréal"
2025_canadian_gp,10,43,Franco Colapinto,Alpine,1:12.142,False,,13 - 15 Jun 2025,"Circuit Gilles -Villeneuve, Montréal"
2025_canadian_gp,11,27,Nico Hulkenberg,Kick Sauber,1:12.183,False,,13 - 15 Jun 2025,"Circuit Gilles -Villeneuve, Montréal"
2025_canadian_gp,12,6,Isack Hadjar,Racing Bulls,1:11.867,False,,13 - 15 Jun 2025,"Circuit Gilles -Villeneuve, Montréal"
2025_canadian_gp,13,87,Oliver Bearman,Haas,1:12.340,False,,13 - 15 Jun 2025,"Circuit Gilles -Villeneuve, Montréal"
2025_canadian_gp,14,31,Esteban Ocon,Haas,1:12.634,False,,13 - 15 Jun 2025,"Circuit Gilles -Villeneuve, Montréal"
2025_canadian_gp,15,5,Gabriel Bortoleto,Kick Sauber,1:12.385,False,,13 - 15 Jun 2025,"Circuit Gilles -Villeneuve, Montréal"
2025_canadian_gp,16,55,Carlos Sainz,Williams,1:12.398,False,,13 - 15 Jun 2025,"Circuit Gilles -Villeneuve, Montréal"
2025_canadian_gp,17,18,Lance Stroll,Aston Martin,1:12.517,False,,13 - 15 Jun 2025,"Circuit Gilles -Villeneuve, Montréal"
2025_canadian_gp,18,22,Yuki Tsunoda,Red Bull Racing,1:12.102,False,,13 - 15 Jun 2025,"Circuit Gilles -Villeneuve, Montréal"
2025_canadian_gp,19,30,Liam Lawson,Racing Bulls,1:12.525,False,,13 - 15 Jun 2025,"Circuit Gilles -Villeneuve, Montréal"
2025_canadian_gp,20,10,Pierre Gasly,Alpine,1:12.667,False,,13 - 15 Jun 2025,"Circuit Gilles -Villeneuve, Montréal"
2025_austrian_gp,1,4,Lando Norris,McLaren,1:03.971,False,,27 - 29 Jun 2025,"Red Bull Ring, Spielberg"
2025_austrian_gp,2,16,Charles Leclerc,Ferrari,1:04.492,False,,27 - 29 Jun 2025,"Red Bull Ring, Spielberg"
2025_austrian_gp,3,81,Oscar Piastri,McLaren,1:04.554,False,,27 - 29 Jun 2025,"Red Bull Ring, Spielberg"
2025_austrian_gp,4,44,Lewis Hamilton,Ferrari,1:04.582,False,,27 - 29 Jun 2025,"Red Bull Ring, Spielberg"
2025_austrian_gp,5,63,George Russell,Mercedes,1:04.763,False,,27 - 29 Jun 2025,"Red Bull Ring, Spielberg"
2025_austrian_gp,6,30,Liam Lawson,Racing Bulls,1:04.926,False,,27 - 29 Jun 2025,"Red Bull Ring, Spielberg"
2025_austrian_gp,7,1,Max Verstappen,Red Bull Racing,1:04.929,False,,27 - 29 Jun 2025,"Red Bull Ring, Spielberg"
2025_austrian_gp,8,5,Gabriel Bortoleto,Kick Sauber,1:05.132,False,,27 - 29 Jun 2025,"Red Bull Ring, Spielberg"
2025_austrian_gp,9,12,Kimi Antonelli,Mercedes,1:05.276,False,,27 - 29 Jun 2025,"Red Bull Ring, Spielberg"
2025_austrian_gp,10,10,Pierre Gasly,Alpine,1:05.649,False,,27 - 29 Jun 2025,"Red Bull Ring, Spielberg"
2025_austrian_gp,11,14,Fernando Alonso,Aston Martin,1:05.128,False,,27 - 29 Jun 2025,"Red Bull Ring, Spielberg"
2025_austrian_gp,12,23,Alexander Albon,Williams,1:05.205,False,,27 - 29 Jun 2025,"Red Bull Ring, Spielberg"
2025_austrian_gp,13,6,Isack Hadjar,Racing Bulls,1:05.226,False,,27 - 29 Jun 2025,"Red Bull Ring, Spielberg"
2025_austrian_gp,14,43,Franco Colapinto,Alpine,1:05.288,False,,27 - 29 Jun 2025,"Red Bull Ring, Spielberg"
2025_austrian_gp,15,87,Oliver Bearman,Haas,1:05.312,False,,27 - 29 Jun 2025,"Red Bull Ring, Spielberg"
2025_austrian_gp,16,18,Lance Stroll,Aston Martin,1:05.329,False,,27 - 29 Jun 2025,"Red Bull Ring, Spielberg"
2025_austrian_gp,17,31,Esteban Ocon,Haas,1:05.364,False,,27 - 29 Jun 2025,"Red Bull Ring, Spielberg"
2025_austrian_gp,18,22,Yuki Tsunoda,Red Bull Racing,1:05.369,False,,27 - 29 Jun 2025,"Red Bull Ring, Spielberg"
2025_austrian_gp,19,55,Carlos Sainz,Williams,1:05.582,False,,27 - 29 Jun 2025,"Red Bull Ring, Spielberg"
2025_austrian_gp,20,27,Nico Hulkenberg,Kick Sauber,1:05.606,False,,27 - 29 Jun 2025,"Red Bull Ring, Spielberg"
2025_british_gp,1,1,Max Verstappen,Red Bull Racing,1:24.892,False,,04 - 06 Jul 2025,"Silverstone Circuit, Silverstone"
2025_british_gp,2,81,Oscar Piastri,McLaren,1:24.995,False,,04 - 06 Jul 2025,"Silverstone Circuit, Silverstone"
2025_british_gp,3,4,Lando Norris,McLaren,1:25.010,False,,04 - 06 Jul 2025,"Silverstone Circuit, Silverstone"
2025_british_gp,4,63,George Russell,Mercedes,1:25.029,False,,04 - 06 Jul 2025,"Silverstone Circuit, Silverstone"
2025_british_gp,5,44,Lewis Hamilton,Ferrari,1:25.095,False,,04 - 06 Jul 2025,"Silverstone Circuit, Silverstone"
2025_british_gp,6,16,Charles Leclerc,Ferrari,1:25.121,False,,04 - 06 Jul 2025,"Silverstone Circuit, Silverstone"
2025_british_gp,7,14,Fernando Alonso,Aston Martin,1:25.621,False,,04 - 06 Jul 2025,"Silverstone Circuit, Silverstone"
2025_british_gp,8,10,Pierre Gasly,Alpine,1:25.785,False,,04 - 06 Jul 2025,"Silverstone Circuit, Silverstone"
2025_british_gp,9,55,Carlos Sainz,Williams,1:25.746,False,,04 - 06 Jul 2025,"Silverstone Circuit, Silverstone"
2025_british_gp,10,12,Kimi Antonelli,Mercedes,1:25.374,False,,04 - 06 Jul 2025,"Silverstone Circuit, Silverstone"
2025_british_gp,11,22,Yuki Tsunoda,Red Bull Racing,1:25.826,False,,04 - 06 Jul 2025,"Silverstone Circuit, Silverstone"
2025_british_gp,12,6,Isack Hadjar,Racing Bulls,1:25.864,False,,04 - 06 Jul 2025,"Silverstone Circuit, Silverstone"
2025_british_gp,13,23,Alexander Albon,Williams,1:25.889,False,,04 - 06 Jul 2025,"Silverstone Circuit, Silverstone"
2025_british_gp,14,31,Esteban Ocon,Haas,1:25.950,False,,04 - 06 Jul 2025,"Silverstone Circuit, Silverstone"
2025_british_gp,15,30,Liam Lawson,Racing Bulls,1:26.440,False,,04 - 06 Jul 2025,"Silverstone Circuit, Silverstone"
2025_british_gp,16,5,Gabriel Bortoleto,Kick Sauber,1:26.446,False,,04 - 06 Jul 2025,"Silverstone Circuit, Silverstone"
2025_british_gp,17,18,Lance Stroll,Aston Martin,1:26.504,False,,04 - 06 Jul 2025,"Silverstone Circuit, Silverstone"
2025_british_gp,18,87,Oliver Bearman,Haas,1:25.471,False,,04 - 06 Jul 2025,"Silverstone Circuit, Silverstone"
2025_british_gp,19,27,Nico Hulkenberg,Kick Sauber,1:26.574,False,,04 - 06 Jul 2025,"Silverstone Circuit, Silverstone"
2025_british_gp,20,43,Franco Colapinto,Alpine,1:27.060,False,,04 - 06 Jul 2025,"Silverstone Circuit, Silverstone"
2025_belgian_gp,1,4,Lando Norris,McLaren,1:40.562,False,,25 - 27 Jul 2025,"Circuit de Spa -Francorchamps, Spa -Francorchamps"
2025_belgian_gp,2,81,Oscar Piastri,McLaren,1:40.647,False,,25 - 27 Jul 2025,"Circuit de Spa -Francorchamps, Spa -Francorchamps"
2025_belgian_gp,3,16,Charles Leclerc,Ferrari,1:40.900,False,,25 - 27 Jul 2025,"Circuit de Spa -Francorchamps, Spa -Francorchamps"
2025_belgian_gp,4,1,Max Verstappen,Red Bull Racing,1:40.903,False,,25 - 27 Jul 2025,"Circuit de Spa -Francorchamps, Spa -Francorchamps"
2025_belgian_gp,5,23,Alexander Albon,Williams,1:41.201,False,,25 - 27 Jul 2025,"Circuit de Spa -Francorchamps, Spa -Francorchamps"
2025_belgian_gp,6,63,George Russell,Mercedes,1:41.260,False,,25 - 27 Jul 2025,"Circuit de Spa -Francorchamps, Spa -Francorchamps"
2025_belgian_gp,7,22,Yuki Tsunoda,Red Bull Racing,1:41.284,False,,25 - 27 Jul 2025,"Circuit de Spa -Francorchamps, Spa -Francorchamps"
2025_belgian_gp,8,6,Isack Hadjar,Racing Bulls,1:41.310,False,,25 - 27 Jul 2025,"Circuit de Spa -Francorchamps, Spa -Francorchamps"
2025_belgian_gp,9,30,Liam Lawson,Racing Bulls,1:41.328,False,,25 - 27 Jul 2025,"Circuit de Spa -Francorchamps, Spa -Francorchamps"
2025_belgian_gp,10,5,Gabriel Bortoleto,Kick Sauber,1:42.387,False,,25 - 27 Jul 2025,"Circuit de Spa -Francorchamps, Spa -Francorchamps"
2025_belgian_gp,11,31,Esteban Ocon,Haas,1:41.525,False,,25 - 27 Jul 2025,"Circuit de Spa -Francorchamps, Spa -Francorchamps"
2025_belgian_gp,12,87,Oliver Bearman,Haas,1:41.617,False,,25 - 27 Jul 2025,"Circuit de Spa -Francorchamps, Spa -Francorchamps"
2025_belgian_gp,13,10,Pierre Gasly,Alpine,1:41.633,False,,25 - 27 Jul 2025,"Circuit de Spa -Francorchamps, Spa -Francorchamps"
2025_belgian_gp,14,27,Nico Hulkenberg,Kick Sauber,1:41.707,False,,25 - 27 Jul 2025,"Circuit de Spa -Francorchamps, Spa -Francorchamps"
2025_belgian_gp,15,43,Franco Colapinto,Alpine,1:42.022,False,,25 - 27 Jul 2025,"Circuit de Spa -Francorchamps, Spa -Francorchamps"
2025_belgian_gp,16,18,Lance Stroll,Aston Martin,1:42.502,False,,25 - 27 Jul 2025,"Circuit de Spa -Francorchamps, Spa -Francorchamps"
2025_belgian_gp,17,55,Carlos Sainz,Williams,1:41.758,False,,25 - 27 Jul 2025,"Circuit de Spa -Francorchamps, Spa -Francorchamps"
2025_belgian_gp,18,44,Lewis Hamilton,Ferrari,1:41.939,False,,25 - 27 Jul 2025,"Circuit de Spa -Francorchamps, Spa -Francorchamps"
2025_belgian_gp,19,12,Kimi Antonelli,Mercedes,1:42.139,False,,25 - 27 Jul 2025,"Circuit de Spa -Francorchamps, Spa -Francorchamps"
2025_belgian_gp,20,14,Fernando Alonso,Aston Martin,1:42.385,False,,25 - 27 Jul 2025,"Circuit de Spa -Francorchamps, Spa -Francorchamps"
2025_hungarian_gp,1,16,Charles Leclerc,Ferrari,1:15.372,False,,01 - 03 Aug 2025,"Hungaroring, Budapest"
2025_hungarian_gp,2,81,Oscar Piastri,McLaren,1:15.398,False,,01 - 03 Aug 2025,"Hungaroring, Budapest"
2025_hungarian_gp,3,4,Lando Norris,McLaren,1:15.413,False,,01 - 03 Aug 2025,"Hungaroring, Budapest"
2025_hungarian_gp,4,63,George Russell,Mercedes,1:15.425,False,,01 - 03 Aug 2025,"Hungaroring, Budapest"
2025_hungarian_gp,5,14,Fernando Alonso,Aston Martin,1:15.481,False,,01 - 03 Aug 2025,"Hungaroring, Budapest"
2025_hungarian_gp,6,18,Lance Stroll,Aston Martin,1:15.498,False,,01 - 03 Aug 2025,"Hungaroring, Budapest"
2025_hungarian_gp,7,5,Gabriel Bortoleto,Kick Sauber,1:15.725,False,,01 - 03 Aug 2025,"Hungaroring, Budapest"
2025_hungarian_gp,8,1,Max Verstappen,Red Bull Racing,1:15.728,False,,01 - 03 Aug 2025,"Hungaroring, Budapest"
2025_hungarian_gp,9,30,Liam Lawson,Racing Bulls,1:15.821,False,,01 - 03 Aug 2025,"Hungaroring, Budapest"
2025_hungarian_gp,10,6,Isack Hadjar,Racing Bulls,1:15.915,False,,01 - 03 Aug 2025,"Hungaroring, Budapest"
2025_hungarian_gp,11,87,Oliver Bearman,Haas,1:15.694,False,,01 - 03 Aug 2025,"Hungaroring, Budapest"
2025_hungarian_gp,12,44,Lewis Hamilton,Ferrari,1:15.702,False,,01 - 03 Aug 2025,"Hungaroring, Budapest"
2025_hungarian_gp,13,55,Carlos Sainz,Williams,1:15.781,False,,01 - 03 Aug 2025,"Hungaroring, Budapest"
2025_hungarian_gp,14,43,Franco Colapinto,Alpine,1:16.159,False,,01 - 03 Aug 2025,"Hungaroring, Budapest"
2025_hungarian_gp,15,12,Kimi Antonelli,Mercedes,1:16.386,False,,01 - 03 Aug 2025,"Hungaroring, Budapest"
2025_hungarian_gp,16,10,Pierre Gasly,Alpine,1:15.966,False,,01 - 03 Aug 2025,"Hungaroring, Budapest"
2025_hungarian_gp,17,31,Esteban Ocon,Haas,1:16.023,False,,01 - 03 Aug 2025,"Hungaroring, Budapest"
2025_hungarian_gp,18,27,Nico Hulkenberg,Kick Sauber,1:16.081,False,,01 - 03 Aug 2025,"Hungaroring, Budapest"
2025_hungarian_gp,19,23,Alexander Albon,Williams,1:16.223,False,,01 - 03 Aug 2025,"Hungaroring, Budapest"
2025_hungarian_gp,20,22,Yuki Tsunoda,Red Bull Racing,1:15.899,False,,01 - 03 Aug 2025,"Hungaroring, Budapest"
